blocks: 4096, blockMaxSize: 65536, independence: true, contentSize: 268435456
name	bytes	median_s	GB_per_s	note
cpu-1lane-apple	268435456	0.168006791	1.597766	wall; scan/allocation/dispatch included; rounds=3
cpu-16lane-apple	268435456	0.093918542	2.858173	wall; scan/allocation/dispatch included; rounds=3
cpu-1lane-swift	268435456	0.537906042	0.499038	wall; scan/allocation/dispatch included; rounds=3
single-block-cpu-1core-apple	65536	0.000017917	3.657755	block=0; decode only; stored=false; rounds=3
match: OK (gpu-thread-per-block; round=1)
match: OK (gpu-thread-per-block; round=2)
match: OK (gpu-thread-per-block; round=3)
gpu-thread-per-block	268435456	0.051166375	5.246325	gpuSeconds; simdgroups=4
gpu-thread-per-block-cpu-wall	268435456	0.061341000	4.376118	encode+commit+wait
upload	268435456	0.010807750	24.837312	input allocation+copy; input_bytes=203301988; bytes=decoded
match: OK (gpu-simd-per-block; round=1)
match: OK (gpu-simd-per-block; round=2)
match: OK (gpu-simd-per-block; round=3)
gpu-simd-per-block	268435456	0.032064375	8.371766	gpuSeconds; simdgroups=4
gpu-simd-per-block-cpu-wall	268435456	0.040092500	6.695403	encode+commit+wait
single-block-gpu-1thread	65536	0.006321958	0.010366	gpuSeconds; block=0; rounds=3
