blocks: 65536, blockMaxSize: 65536, independence: true, contentSize: 268435456
name	bytes	median_s	GB_per_s	note
scan-skipped (assume-uniform)
cpu-1lane-apple	268435456	0.055767459	4.813478	serial decode/copy loop only; scan/allocation/prefault/verification excluded; output reused; rounds=5
cpu-16lane-apple	268435456	0.006994500	38.378076	16 static lanes; dispatch+decode/copy only; scan/allocation/prefault/verification excluded; output reused; rounds=5
cpu-16lane-apple-dynamic	268435456	0.014045625	19.111678	16 dynamic lanes; dispatch+locked block counter+decode/copy only; scan/allocation/prefault/verification excluded; output reused; rounds=5
cpu-1lane-swift	268435456	0.269421834	0.996339	serial decode/copy loop only; scan/allocation/prefault/verification excluded; output reused; rounds=5
single-block-cpu-1core-apple	4096	0.000000583	7.025729	block=0; decode/copy call only; scan/allocation/prefault/verification excluded; output reused; stored=false; rounds=5
upload	268435456	0.013573000	19.777165	once per decoder; input MTLBuffer allocation+copy; input_bytes=240215918; bytes=decoded
gpu-thread-per-block	268435456	0.013230375	20.289331	GPU execution only; scan/upload/buffer allocation/prefault/verification excluded; buffers reused; simdgroups=4
gpu-thread-per-block-cpu-wall	268435456	0.013440292	19.972442	command/encoder creation+encode+commit+wait only; scan/upload/buffer allocation/prefault/status reset/verification excluded; buffers reused
gpu-simd-per-block	268435456	0.011402250	23.542323	GPU execution only; scan/upload/buffer allocation/prefault/verification excluded; buffers reused; simdgroups=4
gpu-simd-per-block-cpu-wall	268435456	0.012079500	22.222398	command/encoder creation+encode+commit+wait only; scan/upload/buffer allocation/prefault/status reset/verification excluded; buffers reused
single-block-gpu-1thread	4096	0.000321750	0.012730	GPU execution only; block=0; scan/upload/buffer allocation/prefault/verification excluded; buffers reused; rounds=5
