blocks: 16384, blockMaxSize: 65536, independence: true, contentSize: 268435456
name	bytes	median_s	GB_per_s	note
scan-serial	268435456	0.072968458	3.678788	once; serial decoded-size scan+size-table allocation+validation; file I/O/frame parse/output-offset table excluded
scan-16lane	268435456	0.008679833	30.926339	once; 16 static lanes; dispatch+decoded-size scan+size-table allocation+validation; file I/O/frame parse/output-offset table excluded
cpu-1lane-apple	268435456	0.062426125	4.300050	serial decode/copy loop only; scan/allocation/prefault/verification excluded; output reused; rounds=5
cpu-16lane-apple	268435456	0.007105250	37.779875	16 static lanes; dispatch+decode/copy only; scan/allocation/prefault/verification excluded; output reused; rounds=5
cpu-16lane-apple-dynamic	268435456	0.005500500	48.802010	16 dynamic lanes; dispatch+locked block counter+decode/copy only; scan/allocation/prefault/verification excluded; output reused; rounds=5
cpu-1lane-swift	268435456	0.358928333	0.747880	serial decode/copy loop only; scan/allocation/prefault/verification excluded; output reused; rounds=5
single-block-cpu-1core-apple	16384	0.000003750	4.369067	block=0; decode/copy call only; scan/allocation/prefault/verification excluded; output reused; stored=false; rounds=5
upload	268435456	0.011722042	22.900059	once per decoder; input MTLBuffer allocation+copy; input_bytes=221517584; bytes=decoded
gpu-thread-per-block	268435456	0.010565375	25.407092	GPU execution only; scan/upload/buffer allocation/prefault/verification excluded; buffers reused; simdgroups=4
gpu-thread-per-block-cpu-wall	268435456	0.011380584	23.587142	command/encoder creation+encode+commit+wait only; scan/upload/buffer allocation/prefault/status reset/verification excluded; buffers reused
gpu-simd-per-block	268435456	0.016671375	16.101579	GPU execution only; scan/upload/buffer allocation/prefault/verification excluded; buffers reused; simdgroups=4
gpu-simd-per-block-cpu-wall	268435456	0.016881958	15.900730	command/encoder creation+encode+commit+wait only; scan/upload/buffer allocation/prefault/status reset/verification excluded; buffers reused
single-block-gpu-1thread	16384	0.001471500	0.011134	GPU execution only; block=0; scan/upload/buffer allocation/prefault/verification excluded; buffers reused; rounds=5
